chr,seg,from,to,AltaiNean,AltaiDeni
1,0,1613367,1662895,0.6667,0.3529
1,1,4568842,4612366,0.8226,0.8438
1,2,6563721,6612894,0.2703,0.1081
1,3,7415787,7462976,0.3509,0.4407
1,4,11063750,11112836,0.32,0.2917
1,5,12763781,12812261,0.7021,0.5909
1,6,12814256,12862935,0.5556,0.5357
1,7,17365733,17412770,0.5888,0.1545
1,8,21763132,21812739,0.3125,0.2632
1,9,22364958,22411351,0.0417,0.7
1,10,24214430,24237962,0.8571,0.8378
1,11,26116076,26163107,0.4462,0.7419
1,12,26264546,26311978,0.4194,0.2857
1,13,30813247,30862804,0.4186,0.4946
1,14,31663833,31712863,0.5,0.5
1,15,31763496,31810681,0.3143,0.6667
1,16,31913964,31961325,0.2,0.25
1,17,34264478,34312179,0.0635,0.5833
1,18,34713176,34761911,0.587,0.3617
1,19,39465145,39512390,1,1
1,20,49313368,49363098,0.4658,0.3857
1,21,58714427,58761693,0.2326,0.8537
1,22,64166480,64211277,0.4681,0.5208
1,23,65573627,65597704,0.4375,0.4667
1,24,67513401,67562106,0.3846,0.425
1,25,67564620,67612216,0.6842,0.4286
1,26,69864461,69904826,0.7692,0.7561
1,27,73514129,73562776,0.5811,0.7183
1,28,80363157,80413028,0.7027,0.6842
1,29,81364776,81413031,0.3488,0.3452
1,30,83113165,83162811,0.8864,0.8968
1,31,86613540,86662898,0.3333,0.3469
1,32,89563604,89612930,0.4474,0.4211
1,33,89863762,89930684,0.075,0.0976
1,34,91615556,91662262,0.8378,0.2381
1,35,92414072,92463002,0.5926,0.5769
1,36,93013130,93062611,0.1707,0.2051
1,37,93063984,93112896,0.1034,0.2
1,38,93763166,93811569,0.6471,0.6061
1,39,93813430,93862020,0.5484,0.5625
1,40,100713300,100763104,0.8571,0.4286
1,41,102763176,102811168,0.8235,0.8218
1,42,102813216,102863110,0.7711,0.7711
1,43,102863189,102906652,0.7818,0.7679
1,44,120063627,120112597,0.9286,0.925
1,45,142663367,142712285,NA,NA
1,46,146663665,146713048,0.5,0.5349
1,47,146763415,146810218,0.9722,0.3243
1,48,152163549,152213112,0.6429,0.4524
1,49,152213203,152256794,0.875,0.6471
1,50,152413175,152460672,0.3158,0.717
1,51,152513338,152542229,0.5854,0.0952
1,52,153415596,153462804,0.5128,0.5128
1,53,158163180,158212280,0.0826,0.9596
1,54,158816589,158863103,0.129,0.8361
1,55,160813743,160862958,0.7959,0.5
1,56,162063252,162109692,0,0.4146
1,57,165263647,165312975,0.7703,0.5942
1,58,166169203,166211481,0,0.3333
1,59,166663731,166709742,0.3171,0.4103
1,60,169913597,169962981,0.0204,0.0577
1,61,173313834,173361979,0.6,0.7
1,62,175213737,175261980,0,1
1,63,181163551,181213096,0.2301,0.5273
1,64,182466367,182512909,0.3662,0.5821
1,65,184318553,184361565,0.6596,0.5652
1,66,185523296,185562670,0.1408,0.8933
1,67,188213448,188262753,0.1803,1
1,68,188363286,188412649,0.3099,0.9714
1,69,188513591,188562090,0.0229,0.8594
1,70,189763755,189796768,0.8028,0.7857
1,71,190815209,190863077,0.9242,1
1,72,192813597,192862634,0.6286,0.6667
1,73,194513251,194562524,0.4242,0.4545
1,74,195763875,195813009,0.7931,0.2589
1,75,195813147,195859677,0.3196,0.25
1,76,196115914,196162820,0.96,0.963
1,77,203613278,203661480,0.6981,0.8627
1,78,204513256,204561617,0.3953,0.4773
1,79,214613484,214662864,0.2576,0.8529
1,80,217521978,217549584,0.8485,0.4194
1,81,217914116,217961004,0.5185,0.5263
1,82,218164432,218212749,0.013,1
1,83,219913313,219963090,1,1
1,84,220163260,220212954,0.0132,0.8657
1,85,227313297,227361299,1,1
1,86,227363765,227411863,1,1
1,87,227578908,227612745,1,1
1,88,228413382,228461129,0.6111,0.7895
1,89,230264619,230307222,0.5,0.5
1,90,230463537,230512922,0.5,0.5469
1,91,231463201,231512925,0.7447,0.6444
1,92,231513190,231548658,0.9109,0.8713
1,93,232865037,232911202,0.3913,0.3404
2,0,598070,630662,0.7143,0.9125
2,1,630782,680661,0.9213,0.5795
2,2,830765,877633,0.7612,0.9531
2,3,1336661,1378969,0.9821,0.9836
2,4,6380948,6430623,0.4478,0.4844
2,5,9831131,9879335,0.5,0.403
2,6,10032707,10080554,0.8958,0.8936
2,7,10931001,10979979,0.9186,0.9877
2,8,15162584,15180758,0.8723,0.8936
2,9,15582231,15630729,0.15,0.8125
2,10,15631022,15679700,0.2533,0.7922
2,11,15833184,15880014,0.2727,0.6739
2,12,19791276,19828529,0.7843,0.5577
2,13,21381268,21416614,0.9712,0.9608
2,14,24580929,24628447,0.0656,0.1724
2,15,25182120,25230670,0.6,0.6471
2,16,25231075,25270433,0.4706,0.5758
2,17,29833815,29880128,0.5833,0.2588
2,18,29882284,29930641,0.4565,0.5532
2,19,30081261,30128477,0.8431,0.8
2,20,30831036,30879117,0.7547,0.7308
2,21,33931075,33978851,0.8696,0.8936
2,22,34182574,34230442,0.7059,0.6852
2,23,34431995,34480075,0.3768,0.4545
2,24,41581176,41630684,0.5957,0.6875
2,25,41630917,41680730,0.5806,0.8526
2,26,41681305,41729504,0.6897,0.8333
2,27,41931415,41978520,0.6053,0.6575
2,28,44480950,44530423,0.4412,0.4848
2,29,44531081,44580737,0.5745,0.6458
2,30,44581007,44630107,0.4474,0.3611
2,31,44631312,44679285,0.6364,0.4717
2,32,44682692,44730577,0.6154,0.641
2,33,50230916,50280338,0.6769,0.4848
2,34,51882932,51930649,0.5091,0.4912
2,35,51931529,51979221,0.3673,0.3617
2,36,52223184,52280042,0.72,0.9286
2,37,53034014,53080484,0.875,0.9091
2,38,53380974,53429868,0.3519,0.463
2,39,53431140,53476017,0.6857,0.5588
2,40,54733240,54780553,0.375,0.9062
2,41,55682348,55728217,0.32,0.375
2,42,57231110,57277161,0.8205,0.7805
2,43,57382439,57430205,0.8182,0.8305
2,44,59532478,59580294,0.76,0.3913
2,45,59831289,59880605,0.6364,0.6212
2,46,62832657,62880652,0.6471,0.4118
2,47,63481059,63530569,0.2273,0.2439
2,48,63530801,63580705,0.1892,0.1818
2,49,63581819,63628544,0.1905,0.1905
2,50,64530894,64579779,0.92,0.9796
2,51,67881491,67928057,0.3594,0.3846
2,52,71032316,71079245,0.9677,0.9677
2,53,73831358,73880601,0.1765,0.25
2,54,73880867,73930726,0.4,0.3077
2,55,73931347,73979482,0.3721,0.3095
2,56,74130806,74179389,0.5192,0.5385
2,57,74981837,75028210,0.6863,0.6875
2,58,75589076,75630344,0.6087,0.9167
2,59,76531757,76580601,0.0119,0.5181
2,60,78181255,78221253,0.6562,0.6571
2,61,78580875,78630143,0.7317,0.5897
2,62,79234333,79280710,0.9149,0.92
2,63,79581175,79629918,0.9821,0.8393
2,64,82181683,82229132,0.9643,0.9821
2,65,84431238,84480516,0.5949,0.5875
2,66,86131661,86180754,0.1429,0.4528
2,67,86381063,86430648,0.1887,0.1897
2,68,90431673,90480486,NA,NA
2,69,91681144,91732066,NA,NA
2,70,97682163,97729845,NA,NA
2,71,97830766,97879162,NA,NA
2,72,98159433,98180628,NA,NA
2,73,98181056,98226007,NA,NA
2,74,100882502,100930662,0.2754,0.2923
2,75,100931738,100980682,0.1754,0.1852
2,76,102031489,102079525,0.8395,0.863
2,77,102930881,102971865,0.25,1
2,78,103081695,103129692,0.3902,0.4634
2,79,103131679,103177565,0.2537,0.5469
2,80,107781838,107830466,0.102,0.4423
2,81,108081665,108130517,0.1714,0.1746
2,82,109481054,109529701,0.5345,0.6034
2,83,109781584,109825516,0.6615,0.6508
2,84,118380984,118429767,0.0225,0.0909
2,85,120187344,120230411,0.4651,0.5135
2,86,120986708,121029586,0.9706,0.9706
2,87,127732263,127768533,0.1515,0.1935
2,88,129431268,129478842,0.3036,0.4182
2,89,131031142,131074138,0.8182,0.5686
2,90,132031605,132080092,NA,NA
2,91,132081112,132130365,NA,NA
2,92,132131225,132179153,NA,0.5
2,93,138983212,139030670,0.7917,0.7959
2,94,142082244,142129706,0.6154,0.1204
2,95,142230980,142277072,0.0946,0.1867
2,96,142824137,142880602,0.5789,0.6667
2,97,151482152,151528062,0.8293,0.3867
2,98,151631355,151680753,0.4074,0.6182
2,99,154081517,154130112,1,0.9286
2,100,154682423,154730120,0.4545,0.1618
2,101,160831263,160880615,1,0.7121
2,102,163681120,163730640,0.5065,0.4684
2,103,166882828,166920909,1,1
2,104,166980949,167029133,0.8448,0.8421
2,105,167531841,167580473,0.6102,0.05
2,106,176083849,176128591,0.7966,0.7759
2,107,178481818,178530560,0.6538,0.6667
2,108,184281072,184329868,0.119,0.1739
2,109,185081078,185130361,0.5,0.2812
2,110,191131684,191177467,0.6786,0.2545
2,111,194731362,194750846,0.8485,0.8387
2,112,195987330,196030300,0.8302,0.8393
2,113,196032265,196079530,0.9275,0.9265
2,114,206181501,206230577,0.3636,0.3563
2,115,212435069,212480293,0.5303,0.4375
2,116,215431280,215480683,0.4516,0.4516
2,117,215480840,215527428,0.8148,0.8214
2,118,216580942,216629374,0.5556,0.4783
2,119,220731030,220776816,0.4062,0.7541
2,120,221331107,221364660,0.086,0.0337
2,121,222981988,223022944,0.9512,0.2632
2,122,223932102,223980125,0.2069,0.3372
2,123,223980897,224024146,0.4058,0.4225
2,124,224730893,224779004,0.75,0.7544
2,125,227133220,227180619,0.8696,0.8333
2,126,227893561,227929647,1,0.1429
2,127,228285473,228330594,0.1739,0.1429
2,128,228582746,228626019,0.9,0.3333
2,129,230983822,231030733,0.814,0.7727
3,0,3362465,3410975,0.806,0.7763
3,1,3961273,4011307,0.0337,0.1158
3,2,5312323,5360330,0.2958,0.3134
3,3,5613285,5657262,0.5455,0.5556
3,4,6762242,6810801,0.4189,0.4177
3,5,7911584,7957115,0.7955,0.9048
3,6,8913472,8960428,0.5077,0.7344
3,7,8961363,9010394,0.209,0.7681
3,8,11511424,11558427,0.5,0.48
3,9,12062400,12110787,0.25,0.375
3,10,13561173,13610577,0.8191,0.8152
3,11,14911144,14960170,0.4667,0.4815
3,12,16764023,16809683,0.9333,0.931
3,13,18669957,18708341,0.6724,0.7593
3,14,20311069,20359581,0.6774,0.6562
3,15,21961062,22010086,1,0.5096
3,16,22411570,22461036,0.5952,0.619
3,17,25761959,25810198,0.6667,0.5806
3,18,26111090,26161138,0.3889,0.625
3,19,26814544,26859614,0.1724,0.4815
3,20,27613983,27656577,0.9767,1
3,21,28122580,28153048,0.8857,0.3056
3,22,34711925,34760659,0.3696,0.3478
3,23,34761349,34810989,0.6897,0.7143
3,24,35015022,35060485,0.4333,0.4667
3,25,37562141,37603526,0.7826,0.6232
3,26,51261086,51306844,0.4737,0.4762
3,27,61014080,61057348,0.7973,0.2222
3,28,63161517,63209202,0.8592,0.8472
3,29,63212529,63260041,1,0.4762
3,30,67961118,68010971,0.0833,0.5857
3,31,68061272,68110353,0.5333,0.5652
3,32,75718179,75757495,NA,NA
3,33,76014708,76060974,0.4138,0.5556
3,34,76114539,76158661,0.8852,0.8871
3,35,76761151,76810933,0.6716,0.8358
3,36,80512693,80560525,0.3793,0.4746
3,37,80561808,80610579,0.1918,0.3026
3,38,82713305,82760557,0.9512,0.95
3,39,84511260,84560443,1,1
3,40,85561808,85610976,1,1
3,41,85611068,85660387,0.9891,0.9891
3,42,86311772,86360829,0.1892,0.5278
3,43,86869961,86910675,0.4342,0.2632
3,44,87062096,87110766,0.1842,0.2254
3,45,87376118,87406320,0.8065,0.7419
3,46,87511326,87560367,0.175,0.4691
3,47,96311549,96360982,0.64,0
3,48,96361112,96411154,0.7368,0
3,49,103911156,103958201,1,1
3,50,104213514,104260741,0.2,0.1695
3,51,109963765,110001747,0.2373,0.2712
3,52,110262489,110310484,0,0.3788
3,53,119862702,119910524,0.9756,0.9756
3,54,121914667,121956953,0.1944,0.1944
3,55,125416100,125460361,NA,NA
3,56,125461677,125498069,NA,NA
3,57,127961178,128009612,0.3091,0.2885
3,58,129811073,129859832,NA,NA
3,59,136561425,136610996,0.2059,0.6
3,60,140561465,140610217,0.6452,0.6471
3,61,141920434,141960346,0.4848,0.7667
3,62,144711084,144760395,0.0164,0.4035
3,63,145012134,145061027,0.1324,0.4638
3,64,145062144,145111026,0.3214,0.7547
3,65,148261315,148310970,0.7907,0.7436
3,66,148361474,148410666,0.3333,0.25
3,67,148612033,148657482,0.9219,0.7344
3,68,151211330,151256500,1,0.1707
3,69,152362666,152410926,0.66,0.3519
3,70,152674056,152710138,0.2444,0.3913
3,71,153062883,153109849,0.3714,0.3143
3,72,153661637,153710810,0.4,0.9184
3,73,153711349,153760117,0.5044,0.5943
3,74,157814612,157860570,0.6111,0.6481
3,75,157911536,157960952,0.5849,0.7593
3,76,162111142,162161033,0.0968,0.9888
3,77,162411200,162460822,0.0513,0.1622
3,78,163411761,163460976,0.569,0.569
3,79,165961111,166010988,0.4536,0.4949
3,80,166012883,166060184,0.19,0.202
3,81,166517250,166557591,0.2059,1
3,82,171212317,171252282,0.8611,0.8571
3,83,171263283,171310498,0.6875,0.8723
3,84,173511292,173560377,0.6897,0.6774
3,85,174361216,174407497,0.5283,0.4828
3,86,174816488,174859754,0.3864,0.9333
3,87,175163541,175210513,0.76,0.4487
3,88,175314368,175346976,0.375,0.3878
3,89,176061082,176110926,0.48,0.4727
3,90,176111722,176160987,0.8667,0.8718
3,91,176611265,176659521,0.5493,0.5507
3,92,176861144,176910634,0.3571,0.4062
3,93,182813852,182860626,0.6136,0.5106
3,94,182861075,182910607,0.5185,0.5294
3,95,185013172,185060911,0.2105,0.2182
3,96,187111898,187147800,0.0952,0.4348
3,97,189161056,189210031,0.3158,0.2712
3,98,189261797,189309846,0.9394,0.8154
3,99,190311066,190354410,0.0946,0.3889
3,100,191112052,191161035,1,0.8298
3,101,191163770,191200541,0.3019,0.3929
3,102,191262151,191310433,0.3889,0.7083
3,103,191661171,191710630,0.9479,0.95
3,104,191711064,191755302,0.9818,1
4,0,1022111,1065071,0.7746,0.7778
4,1,1067249,1113161,0.7705,0.7931
4,2,2367858,2413832,0.7692,0.8519
4,3,3471185,3516742,0.8125,0.6042
4,4,4016968,4066484,NA,NA
4,5,4168176,4216680,0.6667,0.8333
4,6,6267001,6316817,0.7474,0.7347
4,7,9481503,9516690,NA,NA
4,8,9516987,9566644,NA,NA
4,9,9619998,9665968,NA,NA
4,10,9667026,9715105,NA,NA
4,11,10166994,10210653,0.1681,0.1478
4,12,11617317,11666392,0.4839,0.8125
4,13,11717568,11766157,0.4324,0.2254
4,14,13070446,13107182,0.8409,0.8
4,15,14671725,14765943,0.3214,0.5402
4,16,17567988,17616214,0.4074,0.4444
4,17,17617111,17665456,0.4769,0.4844
4,18,22017057,22056935,0.575,0.5366
4,19,27566942,27613590,0.569,0.6909
4,20,27967103,28016860,0.0571,0.5278
4,21,28017651,28066782,0.1395,0.3778
4,22,28071068,28116637,0.0656,0.193
4,23,28218606,28251351,0.9851,0.9861
4,24,29517930,29566727,0.5957,0.6735
4,25,31439939,31466497,0.8293,0.7381
4,26,32267289,32316567,0.7463,0.7761
4,27,33269160,33316827,0.7231,0.5625
4,28,33316906,33366033,0.8761,0.1638
4,29,35317313,35366127,0.9022,0.9255
4,30,36917587,36966232,0.5128,0.5952
4,31,37017713,37066635,0.5312,0.3538
4,32,39021745,39065091,0.2273,0.3913
4,33,39066865,39116775,0.6071,0.2667
4,34,41976129,42016533,0.7174,0.8636
4,35,42017500,42066439,0.8868,0.9057
4,36,43066926,43116675,0.7692,0.4583
4,37,43518513,43565658,0.42,0.3922
4,38,43568766,43616527,0.6129,0.625
4,39,43616930,43666139,0.439,0.2326
4,40,43817954,43866660,0.5588,0.6571
4,41,44966598,45014454,0.0595,0.3295
4,42,45566589,45615916,0.8714,0.2778
4,43,49267696,49316776,NA,NA
4,44,53167829,53216589,0.8947,0.8261
4,45,53219120,53266052,1,0.5
4,46,54717715,54765786,0.814,0.814
4,47,56017274,56066150,0.4615,0.2468
4,48,60024361,60066593,1,0.848
4,49,61216939,61266555,0.5833,0.1915
4,50,61267425,61316237,0.1509,0.1887
4,51,61317176,61366658,0.6413,0.4725
4,52,64516924,64558341,0,0
4,53,65216980,65266472,0.9076,0.704
4,54,68667648,68715168,0.7551,0.7708
4,55,68822063,68866487,0.5333,0.5122
4,56,69769286,69816469,0.2222,0.3784
4,57,69818082,69865396,0.3409,0.3778
4,58,70118721,70166419,NA,NA
4,59,70167138,70205380,NA,0.8333
4,60,71366982,71416425,0.2241,0.2881
4,61,73666889,73716677,0.7,NA
4,62,73717249,73765676,0.7273,0.8
4,63,75221143,75264977,0.1452,0.8
4,64,76621496,76665258,0.8462,0.8947
4,65,77167242,77213829,0.4416,0.4545
4,66,80467887,80516849,0.5,0.5102
4,67,80617344,80666077,0.2453,0.2885
4,68,83566890,83616809,0.625,0.6857
4,69,87217607,87266456,0.9403,0.9706
4,70,92068486,92114757,1,0.9474
4,71,92366871,92414976,0.7407,0.6786
4,72,95268272,95312121,0.9615,0.6939
4,73,96568238,96616776,0.6111,0.3623
4,74,96617504,96664321,0.2239,0.7857
4,75,96725419,96766493,0.3475,0.9083
4,76,100016899,100065593,0.9846,0.9016
4,77,101517852,101566690,0.8974,0.975
4,78,102167040,102199950,0.7297,0.2895
4,79,103167316,103215347,0.72,0.413
4,80,104416996,104466785,0.9375,0.2347
4,81,104466901,104511594,0.5143,0.2
4,82,106417856,106465343,0.8163,0.7872
4,83,109567253,109616116,0.8654,0.8627
4,84,111569724,111616127,0.3784,0.3684
4,85,112272563,112306512,0.45,0.8718
4,86,114816990,114865870,0.8654,0.86
4,87,116067490,116112721,0.9265,0.1912
4,88,116372779,116413912,1,1
4,89,117168613,117215778,0.2581,0.375
4,90,118867156,118912981,0.225,0.2143
4,91,124017319,124066684,0.5106,0.56
4,92,124066948,124116567,0.451,0.4906
4,93,124217302,124259277,0.1429,0.5745
4,94,128117298,128164727,0.898,0.8936
4,95,131567941,131615882,0.9429,0.2778
4,96,132567505,132615388,0.9,0.9231
4,97,133466891,133516093,0.5312,0.4615
4,98,133517591,133564564,1,1
4,99,134118077,134152620,0.0825,0.0707
4,100,135818275,135866539,0.1333,0.3103
4,101,135867474,135916413,0.0469,0.4844
4,102,136117459,136164796,0.1028,0.1284
4,103,137919459,137966680,0.9571,0.9583
4,104,139822468,139866766,0.4792,0.2745
4,105,142817112,142864919,0.678,0.678
4,106,144167983,144215346,0.5349,0.5714
4,107,144867923,144916801,1,1
4,108,148167321,148216714,0.7288,0.1639
4,109,148317340,148364908,0.8103,0.2857
4,110,148366967,148394817,0.375,0.4194
4,111,155767091,155816657,0.68,0.8824
4,112,157218442,157266242,0.0429,0.6056
4,113,158567374,158616755,0.375,0.5323
4,114,159317442,159366828,0.1346,0.06
4,115,159367159,159416433,0.2874,0.0345
4,116,159417328,159465707,0.6909,0.52
4,117,160417535,160466825,0.6136,0.6744
4,118,161918201,161966579,0.734,0.875
4,119,163219606,163266856,0.1724,0.1754
4,120,163475005,163516698,1,0.8421
4,121,164267129,164316276,0.2593,0.339
4,122,164417613,164466824,0.2373,0.2131
4,123,165016871,165066674,0.4468,0.5385
4,124,167172630,167216677,0,0
4,125,167216929,167266159,0.25,0.5312
4,126,167667067,167710347,0.9643,0.9643
4,127,168268604,168316748,0.873,0.9365
4,128,168517426,168560126,0.4688,0.75
4,129,172126689,172166716,0.9145,0.9153
4,130,172328379,172366765,0.4902,0.4902
4,131,173669514,173714231,0.6618,0.6515
4,132,174869374,174916370,0.8553,0.8659
4,133,175766941,175816792,0.831,0.9118
4,134,177667073,177716721,0.6579,0.6667
4,135,177817143,177862203,0.4912,0.2
4,136,178718819,178766244,0.5286,0.1429
4,137,180767588,180816494,0.7903,0.8033
4,138,184320030,184365355,0.7246,0.4058
4,139,184372383,184415813,0.7179,0.8947
4,140,185817577,185865808,0.7027,0.5833
4,141,186117497,186164767,0.9268,0.775
5,0,662632,711471,1,0.5714
5,1,3012429,3059961,0.5915,0.3766
5,2,3115837,3162030,0.4138,0.3153
5,3,3462412,3507019,0.5902,0.6167
5,4,3962153,4010644,0.8376,0.5667
5,5,4263115,4310937,0.1923,0.1731
5,6,4313649,4361120,0.6885,0.7206
5,7,5514517,5545397,0.7627,0.75
5,8,9963889,10011955,0.7547,0.8214
5,9,10213708,10261966,0.6892,0.7027
5,10,10262158,10309763,0.5932,0.5818
5,11,10868449,10899234,0.7895,0.3818
5,12,13313719,13361760,0.6667,0.6479
5,13,15812779,15859611,0.325,0.2895
5,14,18662061,18711981,0.4151,0.4035
5,15,19114224,19161594,0.2597,0.2667
5,16,22663277,22710970,0.4921,0.5077
5,17,23663681,23711846,0.8462,0.878
5,18,23712041,23761578,0.7589,0.787
5,19,28463587,28506653,0.6071,0.6271
5,20,29663071,29711651,0.4348,0.7521
5,21,29812234,29861933,0.7288,0.7018
5,22,30483308,30511808,0.7963,0.8235
5,23,37563831,37611874,0.2432,0.225
5,24,46262169,46311897,NA,NA
5,25,46312251,46361986,NA,NA
5,26,46362346,49412013,NA,NA
5,27,49412125,49461957,NA,NA
5,28,49462228,49511887,NA,NA
5,29,49512463,49561975,NA,NA
5,30,49562291,49611972,0.5893,0.6316
5,31,49766811,49810364,NA,NA
5,32,51212210,51258318,0.3051,0.3889
5,33,51312657,51360028,0.5978,0.1548
5,34,53612676,53661933,0.8649,0.8684
5,35,54712494,54761334,0.86,0.88
5,36,54812549,54861928,0.7931,0.7931
5,37,54863190,54911779,0.2,0.1875
5,38,54912195,54961897,0.1094,0.125
5,39,54962519,55009897,0.0947,0.1068
5,40,56667541,56711877,0.5556,0.8846
5,41,57212105,57261936,0.434,0.3774
5,42,57262552,57309750,0.8621,0.85
5,43,63722306,63761971,0.2727,0.6047
5,44,73965510,74004978,0.6562,0.3929
5,45,75912401,75960865,0.3871,0.6429
5,46,84212340,84261903,0.6066,0.2857
5,47,84262408,84310077,0.336,0.3866
5,48,84612292,84661234,0.6477,0.1702
5,49,87262285,87311889,0.9032,0.9091
5,50,94614422,94661925,0.3208,0.3846
5,51,96112954,96161942,0.7455,1
5,52,97863617,97911851,1,1
5,53,98716103,98762024,NA,NA
5,54,99113115,99161947,1,1
5,55,99162453,99210469,1,1
5,56,100562854,100594004,0.1698,0.1636
5,57,100763564,100811649,0.7778,0.9348
5,58,100812066,100861979,0.8649,0.8378
5,59,103464106,103503429,0.55,0.4048
5,60,106571948,106611447,0.6731,0.4898
5,61,111663346,111700155,0.4444,0.5111
5,62,113012575,113061928,0.8222,0.7907
5,63,113163228,113211527,0.4762,0.475
5,64,113562530,113611972,0.9167,0.9355
5,65,114962333,115009681,0.2078,0.2338
5,66,115376441,115411801,0.5195,0.5263
5,67,115462091,115511471,0.463,0.4717
5,68,116212289,116252792,0.3529,0.378
5,69,121212154,121261661,0.527,0.5
5,70,125162875,125212026,0.9459,0.9907
5,71,125412411,125461790,0.6935,0.6984
5,72,125462485,125510759,0.3143,0.3611
5,73,129163427,129208641,0.2222,0.2222
5,74,131162124,131211971,0.4444,0.4706
5,75,133512384,133561589,0.1714,0.1944
5,76,135012419,135061686,0.3667,0.6379
5,77,135112392,135160374,0.2353,0.3125
5,78,145112017,145159309,0.3333,0.5
5,79,145762362,145810945,0.1967,0.3385
5,80,147462637,147511462,0.3043,0.303
5,81,147612703,147651230,0.1837,0.2041
5,82,148462446,148511466,0.1395,0.8293
5,83,152664042,152711947,0.6538,0.6087
5,84,152712555,152762028,0.8235,0.8163
5,85,152912291,152960378,0.75,0.7826
5,86,153613188,153662029,0.8364,0.3725
5,87,160012207,160061896,0.4878,0.5778
5,88,160062528,160312017,0.5867,0.56
5,90,163315075,163361730,0.9322,0.931
5,91,163362260,163408537,0.8923,0.6562
5,92,165967276,165995401,0.6667,0.9143
5,93,170312353,170362005,0.8913,0.1633
5,94,170362136,170411709,0.7931,0.1746
5,95,170413439,170460526,0.6774,0.3548
5,96,170463572,170511465,0.7714,0.325
6,0,2701250,2747741,0.3019,0.1698
6,1,2999328,3047260,0.5345,0.5741
6,2,3250830,3297090,0.7669,0.6838
6,3,3701205,3747378,0.4321,0.2184
6,4,4998203,5044769,0.8974,0.8947
6,5,5098052,5148013,0.602,0.2717
6,6,6398502,6446834,0.9583,0.3261
6,7,7398832,7448004,0.1928,0.7121
6,8,8448328,8497607,0.0069,0.9504
6,9,8498639,8557483,0.0092,0.9545
6,10,9499058,9547597,0.9545,0.9767
6,11,11452875,11497951,0.4896,0.4898
6,12,13256947,13357940,0.6552,0.5
6,13,14567022,14597288,0.954,0.506
6,14,15748726,15795870,0.4444,0.3818
6,15,18853797,18895855,0.1321,0.1111
6,16,21602552,21647589,0.5769,0.6154
6,17,22152085,22197588,0.7297,0.7429
6,18,22299638,22346541,0.8056,0.7027
6,19,24948146,24993306,0.9242,0.1587
6,20,26848448,26897935,NA,NA
6,21,26898064,26945278,NA,NA
6,22,27348095,27397198,0.9167,0.9438
6,23,27398133,27447296,0.9167,0.9508
6,24,29698426,29746527,1,0.9565
6,25,29798610,29843138,1,1
6,26,29849271,29897944,0.9419,1
6,27,29898105,29947740,0.9688,0.9268
6,28,31198205,31247758,0.9658,1
6,29,31298065,31348022,0.9874,0.9156
6,30,31448154,31497835,0.8103,0.9833
6,31,32498067,32546515,0.9524,1
6,32,32548321,32598038,0.9701,0.9185
6,33,32598042,32644388,0.949,0.9892
6,34,32648153,32698013,0.9934,0.2791
6,35,32698044,32748039,1,0.5503
6,36,32748045,32797488,1,1
6,37,33002354,33023996,0.2917,0.32
6,38,33850416,33897113,0.1228,0.7647
6,39,35098941,35146945,0.4595,0.625
6,40,41166768,41197991,0.2821,0.878
6,41,42153609,42197916,0.3269,0.74
6,42,47598425,47647369,0.8667,0.9242
6,43,47648317,47697391,0.1625,0.5357
6,44,47848267,47885216,0.3333,0.3467
6,45,48998769,49047862,0.873,0.8852
6,46,51648082,51696675,0.1346,0.1389
6,47,52050353,52098036,0.9804,0.2075
6,48,52598501,52647660,0,0.2083
6,49,55348715,55397778,0.8889,0.8922
6,50,62198697,62246329,NA,NA
6,51,63098091,63147572,0.5763,0.8
6,52,63353928,63397854,0.9054,0.9167
6,53,63698485,63747437,0.6322,0.625
6,54,63898165,63947422,0.3514,0.9167
6,55,64953380,64997807,0.9595,0.8205
6,56,64998321,65047281,0.963,0.6207
6,57,65048334,65097066,0.9306,0.5211
6,58,65398479,65445235,0.1538,0.2619
6,59,65548600,65597273,0.4634,0.4545
6,60,66848538,66897994,0.0741,0.549
6,61,66898073,66947207,0.0545,0.0973
6,62,67148542,67197675,0.2159,0.3478
6,63,67749082,67797896,0.0122,0.85
6,64,67798242,67845294,0.0256,0.9242
6,65,70198249,70244221,1,0.4524
6,66,71855895,71896445,0.371,0.3509
6,67,73798609,73842246,0.7292,0.7292
6,68,75421693,75447774,0.9041,0.087
6,69,76898671,76947051,0.5345,0.5487
6,70,77048199,77097015,0.377,0.2632
6,71,77102716,77130167,0.0667,0.2295
6,72,78198081,78247723,0.9884,1
6,73,81798503,81843363,0.0545,0.0556
6,74,82998229,83048022,0.6,0.4722
6,75,85298060,85346589,0.5,0.9649
6,76,85900267,85947917,1,0.971
6,77,85948073,85991465,0.3261,0.7317
6,78,87202927,87248029,0.9268,0.9268
6,79,93554977,93596475,0.3182,0.913
6,80,94505406,94545144,0.5556,0.5517
6,81,95050036,95090786,0.8986,0.8571
6,82,95298498,95348027,0.8909,0.8214
6,83,96098928,96147336,0.9818,0.9245
6,84,96848364,96897201,0.6842,0.6757
6,85,102350698,102390840,0.6795,0.359
6,86,103648091,103692542,1,0.918
6,87,104048526,104091972,0.9286,1
6,88,104502187,104548004,0.75,0.5882
6,89,104548947,104592138,0.3333,0.1778
6,90,106149993,106189877,0.3529,0.303
6,91,107998142,108047996,0.7105,0.6301
6,92,109848051,109897042,0.9667,0.9667
6,93,109948318,109993932,0.9778,0.9778
6,94,115098153,115147393,0.16,0.1867
6,95,117256756,117286939,0.1379,0.1477
6,96,119250991,119293434,0.1667,0.1765
6,97,122398410,122445715,0.2295,0.2712
6,98,122651897,122697410,0.8529,0.8387
6,99,123798190,123847954,0.1818,0.8776
6,100,124448211,124497775,0.4524,0.8
6,101,125203438,125247373,0.1034,0.08
6,102,127649350,127698018,0.8095,0.7895
6,103,133899963,133947707,0.7234,0.8
6,104,143867336,143897977,0.9661,0.1379
6,105,145751220,145796167,0.8,0.4242
6,106,145998627,146046381,0.5294,0.6471
6,107,146048737,146097181,0.6429,0.8214
6,108,151849658,151897046,0.6667,0.5909
6,109,152248531,152297100,0.5,0.6949
6,110,156898474,156946230,0.8947,0.9459
6,111,158719296,158747997,0.2,0.1795
6,112,159198260,159247967,0.9672,0.2143
6,113,159698312,159748036,0.4783,0.5
6,114,160250401,160295377,0.6136,0.4773
6,115,161248552,161291617,0.9286,0.9032
6,116,161898347,161945046,0.7867,0.6761
6,117,163048514,163097724,0.9091,0.4182
6,118,163898208,163947874,0.68,0.6923
6,119,165054409,165095352,0.8095,0.814
6,120,165098373,165147793,0.2766,0.4222
6,121,165248552,165297954,0.5614,0.8364
7,0,774859,823834,0.1887,0.24
7,1,7074522,7123008,0.4444,0.4074
7,2,7374823,7423397,0.1884,0.2031
7,3,7624585,7674102,0.4082,0.4706
7,4,7674240,7724194,0.4677,0.2667
7,5,8679921,8721520,0.525,0.5492
7,6,9276902,9324210,0.0575,0.1279
7,7,9324476,9373548,0.029,0.6429
7,8,10025003,10074011,0.6957,0.4286
7,9,10274226,10320583,0.881,0.5778
7,10,10474273,10522050,0.9846,0.9841
7,11,11574892,11623184,0.4815,0.5636
7,12,12475868,12523259,0.4419,0.5
7,13,13376971,13424020,0.9467,0.9583
7,14,14675334,14720969,0.3611,0.4545
7,15,15524792,15573306,0.4878,0.2558
7,16,15626807,15671764,0.6696,0.6807
7,17,19474927,19522934,0.775,0.7907
7,18,24024434,24073369,0.8353,0.2326
7,19,25176935,25222335,0.4,0.3387
7,20,26774325,26808597,0.5676,0.9167
7,21,32581071,32623796,0.7619,0.6667
7,22,32624954,32673919,0.7647,0.3684
7,23,32674289,32719255,0.381,0.3077
7,24,33074356,33124005,0.7636,0.8214
7,25,34132727,34174056,0.2,0.4762
7,26,43026461,43071132,0.5,0.193
7,27,46829030,46873735,0.98,1
7,28,49924320,49973902,0.8043,0.1304
7,29,49974574,50023202,0.9048,0.2143
7,30,50124230,50174059,0.4362,0.4
7,31,50525420,50571022,0.3492,0.3175
7,32,52074452,52113844,0.0968,0.127
7,33,53174688,53220181,0.75,1
7,34,53524592,53573889,0.8036,0.459
7,35,55375106,55424108,0.0494,0.0385
7,36,57377981,57421041,1,1
7,37,63475033,63523879,0.2973,0.5294
7,38,67125044,67173950,0.7857,0.8864
7,39,67424221,67473948,0.1325,0.131
7,40,67674726,67724026,1,1
7,41,67824488,67870807,0.4756,0.481
7,42,68824487,68872618,0.8723,0.875
7,43,69074768,69119632,0.4848,0.3939
7,44,73224504,73273361,0.8298,0.3902
7,45,76575392,76624000,NA,NA
7,46,77974426,78024141,0.7879,0.83
7,47,80624286,80674086,0.7179,0.7143
7,48,83024796,83069746,0.1531,0.0532
7,49,85174833,85223456,0.6341,0.8667
7,50,85974369,86024218,0.6471,0.6471
7,51,96926010,96971152,0.9524,0.9545
7,52,100976740,101022528,0.9677,1
7,53,108624433,108674107,0.6735,0.6735
7,54,108874537,108924161,0.1826,0.1833
7,55,110124791,110172048,0.7556,0.7447
7,56,117824239,117872628,0.3725,0.3542
7,57,123876246,123923550,0.4615,0.5227
7,58,123924250,123974178,0.2692,0.2917
7,59,123974391,124023418,0.2,0.1169
7,60,124026325,124073800,0.2987,0.6707
7,61,125024318,125055949,0.0526,0.95
7,62,125425608,125473663,0.375,0.3492
7,63,125674276,125719900,0.2295,0.9836
7,64,125725560,125773175,1,1
7,65,130724359,130771349,0.1042,0.1111
7,66,134025817,134071353,0.8082,0.4583
7,67,134724724,134773893,1,0.7917
7,68,134775791,134824220,1,0.8929
7,69,136474324,136522257,0.7727,0.0698
7,70,140874609,140923732,0.2414,0.2295
7,71,144124556,144173855,0.7297,0.641
7,72,145327736,145373084,0.6842,0.575
7,73,147628658,147666838,0.7609,0.75
7,74,149024363,149072406,0.9714,0.9722
7,75,150224325,150273409,0.2632,0.2931
7,76,151225613,151256303,0.3725,0.2766
7,77,152987872,153023754,0.9375,0.9375
7,78,153894256,153922999,0.6852,0.65
8,0,1104749,1150848,0.6905,0.6279
8,1,1702911,1751738,0.6471,0.5714
8,2,2203145,2252869,0.8333,0.9375
8,3,3103147,3152700,0.4032,0.2344
8,4,3303026,3352513,0.4366,0.9
8,5,3553260,3601105,0.3308,0.4615
8,6,4003584,4052593,0.6622,0.3117
8,7,4153274,4201368,0.4286,0.3942
8,8,5152921,5200417,0.0392,0.0417
8,9,5204967,5252860,0.381,0.4353
8,10,6253155,6302183,0.2812,0.2812
8,11,6303434,6352358,0.2353,0.2292
8,12,9552991,9602538,0.2933,0.2973
8,13,13155109,13201971,0.9022,0.9011
8,14,15205668,15252855,0.6535,0.6122
8,15,17653544,17702360,0.6154,0.5897
8,16,17703736,17752441,0.6277,0.4333
8,17,19103225,19150287,0.6111,0.8983
8,18,23153022,23202245,0.6211,0.6742
8,19,23408508,23451228,0.8036,0.7018
8,20,26852898,26897685,1,0.9868
8,21,27703209,27752514,0.7368,0.7449
8,22,31803458,31851335,0.5949,0.6709
8,23,32303612,32351744,0.7273,0.1719
8,24,34253692,34293752,0.4375,0.4348
8,25,37318145,37352249,0.2326,0.1905
8,26,37455059,37493505,0.78,0.8491
8,27,42404040,42452622,0.6,0.6522
8,28,46853068,46901755,NA,NA
8,29,50653706,50702850,0.0185,0.4528
8,30,52254398,52302527,0.175,0.1646
8,31,52705288,52752695,0.625,0.65
8,32,52753002,52802707,0.7538,0.7313
8,33,53353660,53399540,0.7119,0.7049
8,34,54352900,54401382,0.5676,0.8421
8,35,54462119,54502600,0.2459,0.6316
8,36,54502928,54552054,0.1977,0.1882
8,37,54553613,54602865,0.2941,0.3333
8,38,57402914,57451457,0.6042,0.5769
8,39,59603580,59650932,0.6538,0.6154
8,40,60654115,60702296,0.48,0.3962
8,41,61702929,61751880,0.5833,0.5625
8,42,62365725,62402773,0.7,0.7143
8,43,63804850,63852851,0.3827,0.3194
8,44,68904687,68944070,0.2157,0.234
8,45,68962961,69001366,0.1864,0.1818
8,46,71602995,71652678,0.7857,0.8
8,47,71653111,71702877,0.6735,0.6739
8,48,71904172,71944540,0.1562,0.1237
8,49,72553255,72601926,0.5405,0.5135
8,50,72604032,72652708,0.7206,0.5882
8,51,73353197,73402635,0.925,0.4359
8,52,76452939,76502659,0.8679,0.8679
8,53,76503582,76552200,0.975,0.9268
8,54,78503229,78552348,0.8193,0.5625
8,55,78553126,78600405,0.5686,0.32
8,56,78652924,78702600,0.8356,0.8286
8,57,78703182,78751694,0.5946,0.6757
8,58,83953008,84002132,0.8523,0.837
8,59,88653611,88700854,0.1852,0.1864
8,60,90804165,90846801,0.7073,0.7073
8,61,91753407,91794012,0.3438,0.6129
8,62,98354054,98402190,0.4634,0.3537
8,63,98403679,98451471,0.3902,0.3902
8,64,108004804,108052152,0.7143,0.4821
8,65,108057904,108102817,0.9487,0.2439
8,66,108360712,108398406,0.9778,0.9318
8,67,110053483,110102681,0.92,0.8627
8,68,112103994,112152232,0.2326,0.3488
8,69,112303639,112352092,0.56,0.58
8,70,112703092,112752680,0.881,0.8864
8,71,112753316,112801961,0.9444,0.9231
8,72,112802913,112852193,0.7083,0.907
8,73,113602974,113639337,0.5455,0.2979
8,74,114892098,114952354,0.4815,0.9444
8,75,116555360,116602874,0.4237,0.7586
8,76,116803082,116849719,0.5,0.5532
8,77,120352978,120385452,0.7895,0.7321
8,78,122403046,122451877,0.4571,0.5
8,79,122803772,122852152,0.2857,0.339
8,80,125153198,125201118,0.8143,0.3803
8,81,126304014,126352634,0.4286,0.3611
8,82,129410424,129452648,0.4,0.2979
8,83,130003883,130052792,0.527,0.5263
8,84,132653558,132701612,0.8764,0.8706
8,85,133253996,133302771,0.75,0.5091
8,86,134704419,134735573,0.5821,0.5915
8,87,136903390,136951505,0.7761,0.4167
8,88,138357800,138402137,0.8788,0.7538
8,89,138753039,138802670,0.8085,0.9434
8,90,138903347,138952704,0.4091,0.8462
9,0,419153,460325,0.4359,0.4872
9,1,660566,707077,0.5455,0.825
9,2,767797,808529,0.6087,0.5952
9,3,1212776,1252572,0.8824,0.8125
9,4,1560673,1610367,0.2985,0.3433
9,5,1710564,1754354,0.2826,0.2727
9,6,2361176,2409785,0.4478,0.4839
9,7,8011093,8059914,0.6579,0.7838
9,8,10361118,10410231,0.2857,0.5522
9,9,15362931,15409971,0.75,0.6226
9,10,15423548,15460445,0.44,0.4138
9,11,16710870,16759357,1,0.8547
9,12,17361597,17409888,0.7105,0.7467
9,13,17961642,18009624,0.918,0.4516
9,14,18960616,19010245,0.3704,0.451
9,15,22711948,22760465,0.9767,0.2857
9,16,22861588,22908498,1,0.5882
9,17,28962700,29008859,0.2568,0.2651
9,18,30510562,30559934,0.1111,0.0694
9,19,30560926,30607425,0.1692,0.1719
9,20,31160776,31210051,0.7113,0.7333
9,21,32066342,32110072,0.5979,0
9,22,32861992,32909851,0.439,0.5308
9,23,36960765,36999901,0.3396,0.3469
9,24,39010578,39046697,NA,NA
9,25,44061247,44110237,NA,NA
9,26,44110749,44160453,NA,NA
9,27,44210636,44242553,NA,NA
9,28,44762304,44805440,NA,NA
9,29,47161984,47208601,NA,NA
9,30,68161228,68210449,NA,NA
9,31,68360625,68410417,NA,NA
9,32,71860631,71910322,0.6,0.8261
9,33,72760836,72810403,0.8909,0.7627
9,34,72811206,72856888,0.7778,0.6216
9,35,75717292,75757701,0.9459,0.8857
9,36,76512888,76560279,0.3333,0.2128
9,37,76560621,76608908,0.6389,0.5556
9,38,80283930,80309148,NA,NA
9,39,82860498,82897992,1,0.4848
9,40,83111780,83160097,0.3,0.2885
9,41,83160559,83209882,0.5192,0.551
9,42,83264433,83310090,0.2667,0.9831
9,43,83310490,83359095,0.6,0.7115
9,44,87260758,87310361,0.449,0.54
9,45,90810514,90858383,0.013,0.08
9,46,93160486,93209923,0.2069,0.4483
9,47,101411132,101460267,0.4697,0.4769
9,48,101617316,101659813,0.3333,0.3208
9,49,103510559,103559785,0.7273,0.5769
9,50,105111068,105159538,1,0.3103
9,51,105460659,105510277,0.4182,0.4364
9,52,114511409,114559603,1,1
9,53,114961298,115010440,0.0615,0.2188
9,54,115011317,115060415,0.0392,0.1739
9,55,115060682,115108529,0.04,0.1
9,56,115210864,115260272,0,0.1053
9,57,115610567,115660368,0.4571,0.1842
9,58,118310903,118358196,0.4118,0.4471
9,59,119561817,119603526,0.2353,0.3333
9,60,120510788,120559011,0.175,0.2099
9,61,120761850,120809904,0.5909,0.9242
9,62,123460769,123507938,0.5161,0.4483
9,63,124560496,124609366,0.7353,0.7273
9,64,124610491,124652792,0.6071,0.5789
9,65,129660977,129709828,0.8684,0.7714
10,0,2116124,2165671,0.6071,0.5593
10,1,5115891,5164836,0.027,0.4516
10,2,6817223,6865526,0.6885,0.7333
10,3,8925373,8965079,0.8485,0.2985
10,4,9066923,9114236,0.5179,0.566
10,5,9367930,9414847,0.8108,0.8395
10,6,10267504,10313898,0.3486,0.0275
10,7,15518032,15564753,0.618,0.5699
10,8,16116598,16164578,0.2468,0.2533
10,9,16316432,16365947,0.234,0.3478
10,10,16918704,16955198,0.4565,0.4884
10,11,19616735,19665774,0.6486,0.6456
10,12,19666851,19703136,0.5079,0.5075
10,13,19716826,19765704,0.9741,0.7434
10,14,19816848,19862080,0.3617,0.4889
10,15,25026812,25065556,0.871,0.8621
10,16,25617745,25665789,0.4717,0.4038
10,17,25667130,25715868,0.1765,0.4184
10,18,26967329,27013715,0.3469,0.5962
10,19,27666678,27713747,0.2344,0.1774
10,20,28165976,28210765,0.8519,0.9231
10,21,29116021,29165695,0.6667,0.6512
10,22,30467178,30515854,0.4179,0.4925
10,23,30515982,30565046,0.8571,0.8182
10,24,36270884,36314070,0.7949,0.6944
10,25,36817152,36864409,0.0577,0.0588
10,26,37866235,37914228,0.3171,0.3256
10,27,44016020,44064778,0.9216,0.9216
10,28,44966492,45005988,0.1628,0.5
10,29,45373514,45415345,0.5882,0.6406
10,30,47619848,47662831,0.1356,0.2069
10,31,52515985,52564421,0.3571,0.8667
10,32,54817257,54865259,0.9608,NA
10,33,54867617,54915325,0.8871,0.9231
10,34,55716161,55765161,0.9706,0.4545
10,35,56015987,56065099,0.25,0.3286
10,36,56071152,56108631,0.5556,0.5373
10,37,57968213,57998788,0.9057,0.8899
10,38,59216559,59265477,0.9474,0.9322
10,39,59520370,59565280,0.5962,0.5979
10,40,59817097,59855191,0.3765,0.4941
10,41,60170434,60215539,0.125,0.1277
10,42,62065993,62115820,0.8857,0.971
10,43,62365974,62415651,0.4694,0.3542
10,44,64670293,64714759,0.717,0.7255
10,45,65718430,65765874,0.8537,0.2222
10,46,66466805,66515097,0.7736,0.8491
10,47,66716785,66764470,0.1591,1
10,48,68373097,68415731,1,0.9804
10,49,68520445,68565678,0.8,0.6197
10,50,68566051,68615754,0.1774,0.7869
10,51,69517922,69561765,0.0682,0.8182
10,52,77316235,77365273,0.3056,0.5882
10,53,78365977,78411254,0.8125,0.8393
10,54,81565895,81614013,NA,NA
10,55,82116501,82165640,0.9615,1
10,56,83116435,83165548,0.2273,0.377
10,57,83766645,83815844,0.0476,0.2619
10,58,84465884,84515820,0.3077,0.3284
10,59,85166415,85215075,0.4681,0.449
10,60,85215937,85265059,0.0662,0.068
10,61,85266041,85314675,0.3118,0.3871
10,62,87167852,87215460,0.1912,0.6986
10,63,88066536,88114829,0.0612,0.4898
10,64,92716072,92764460,0.9636,0.9643
10,65,95579110,95615870,0.8571,0.7742
10,66,96866806,96915762,1,1
10,67,98866102,98914873,0.5758,0.4286
10,68,100315885,100362597,0.84,0.8557
10,69,100818862,100865410,0.6786,0.7419
10,70,100866524,100915274,0.4815,0.5172
10,71,101017829,101065834,0.8732,0.8889
10,72,101066440,101115763,0.5227,0.5435
10,73,101372043,101412471,0.2857,0.2778
10,74,107416069,107463405,0.7895,0.7568
10,75,107866035,107914880,0.9091,0.9016
10,76,107917394,107962771,0.7808,0.7917
10,77,113166298,113215808,0.0686,0.9717
10,78,123867989,123915864,0.7794,0.4286
10,79,124316120,124361759,0.0259,0.0111
10,80,127671175,127711500,0.9787,1
10,81,128917251,128961016,0.6905,0.625
10,82,129466653,129515737,0.1957,0.3789
10,83,129515949,129557958,0.0526,0.5714
11,0,204062,253072,0.9574,0.9167
11,1,1103786,1152225,0.806,0.6316
11,2,1354704,1396122,0.8393,0.8448
11,3,2306683,2353140,0.5974,0.6216
11,4,2353370,2402747,0.5,0.5455
11,5,3355288,3403162,0.6341,0.6506
11,6,3503270,3550107,NA,NA
11,7,4153767,4203231,0.7975,0.8353
11,8,5306509,5352500,0.4407,0.4444
11,9,5403694,5452896,0.8442,0.6027
11,10,7753892,7799480,0.25,0.2391
11,11,13104642,13152376,0.8272,0.2963
11,12,13253604,13303085,0.3516,0.5957
11,13,15554642,15601040,0.7632,0.8857
11,14,22205426,22252667,0.3455,0.7407
11,15,23453411,23497622,0.9153,0.8983
11,16,25165274,25201097,0.6792,0.6981
11,17,25403506,25453020,0.092,0.9213
11,18,25706990,25753192,0.0759,0.481
11,19,25753430,25801127,0.2105,0.8854
11,20,26053507,26101772,0.0259,0.0348
11,21,26554127,26603032,0.5614,0.6167
11,22,27853406,27902340,0.4783,0.4894
11,23,28854291,28901586,0.4239,0.4301
11,24,34903513,34952565,0.5405,0.169
11,25,38453310,38502822,0.338,0.3333
11,26,38503398,38552464,0.1818,0.1667
11,27,39753414,39802603,0.6542,0.6174
11,28,39803928,39851288,0.439,0.439
11,29,39854141,39902799,0.3696,0.375
11,30,40253415,40301193,0.2656,0.871
11,31,41603311,41652336,0.5714,0.5806
11,32,42503819,42552055,0.8293,0.8043
11,33,42703300,42751701,0.5238,0.7805
11,34,43003309,43044427,0.6667,0.5938
11,35,45304265,45353121,0.5778,0.5227
11,36,48253520,48302735,0.9394,0.0645
11,37,48604829,48651695,0.6,0.7037
11,38,49854707,49902898,NA,NA
11,39,49903305,49952655,1,1
11,40,58453529,58500426,0.4773,0.7234
11,41,58613810,58653147,0.9104,0.9242
11,42,62855728,62903196,0.9091,0.7917
11,43,68407835,68452128,0.6071,0.386
11,44,69853485,69902227,0.7321,0.7273
11,45,71303628,71352881,NA,NA
11,46,71460555,71503149,NA,NA
11,47,71503539,71551579,NA,NA
11,48,71753582,71802952,0.2558,0.2564
11,49,74353371,74402547,0.6296,0.7037
11,50,74808284,74852849,0.381,0.0222
11,51,75954246,76002893,0.6761,0.4776
11,52,76557225,76602665,0.2182,0.2333
11,53,76603336,76652964,0.1905,0.2
11,54,76653952,76701657,0.102,0.1
11,55,76703425,76752248,0.3696,0.3556
11,56,78204380,78252575,0.7174,0.4
11,57,78253303,78286462,0.7174,0.14
11,58,80605259,80652916,0.8788,0.8762
11,59,82204103,82253144,0.3333,0.2857
11,60,83753364,83801970,0.75,0.3559
11,61,90803806,90852923,0.2632,0.2571
11,62,91303280,91350361,0.7895,0.8333
11,63,91903709,92151602,0.5566,0.5962
11,64,94055697,94101704,0.4419,0.122
11,65,96654625,96701908,0.9649,0.955
11,66,97805320,97852433,0.8654,0.25
11,67,97853290,97902847,0.2088,0.75
11,68,98153309,98203191,0.4828,0.569
11,69,99003438,99051522,0.9104,0.9265
11,70,99453519,99503220,0.0909,0.0952
11,71,99503264,99552595,0.0471,0.0652
11,72,100804088,100851628,0.8583,0.1579
11,73,101253489,101273084,0.3939,0.6286
11,74,102454640,102503213,0.9831,0.8909
11,75,103209984,103252989,0.8088,0.3571
11,76,103503525,103553183,0.7686,0.3306
11,77,106053507,106102773,0.18,0.4694
11,78,107103460,107153229,0.8696,0.8732
11,79,110410191,110453250,0.4167,0.4324
11,80,110655459,110701645,0.2,0.1875
11,81,111455942,111502479,0.087,0.0667
11,82,112106035,112149079,0.6267,0.6111
11,83,115503765,115552918,0.7324,0.6389
11,84,119457828,119502599,0.55,0.5246
11,85,119954764,120002927,0.4054,0.8378
11,86,121553314,121601912,0.6338,0.6714
11,87,121604656,121653113,0.5441,0.7639
11,88,122820281,122847837,0.6364,0.7333
11,89,124203506,124246221,0.9444,0.9455
11,90,125603301,125652990,0.55,0.5488
11,91,125653447,125702691,0.8378,0.8378
11,92,125703629,125752905,0.8065,0.8065
11,93,126654824,126702401,0.9062,0.8925
11,94,126703409,126753231,0.5584,0.5067
11,95,127204063,127248913,0.303,0.8
12,0,6226301,6275148,0.4,0.5349
12,1,6275390,6312167,0.2778,0.7692
12,2,7932906,7969480,0.32,0.375
12,3,8425382,8467833,NA,NA
12,4,8592076,8624890,0.4717,0.3704
12,5,10229931,10275336,0.9028,0.4058
12,6,10726332,10774826,0.4286,0.4412
12,7,11425774,11470002,0,0.0909
12,8,17875387,17922639,0.7308,0.4935
12,9,19075979,19124104,0.3784,0.4103
12,10,20125630,20175229,0.7838,0.3671
12,11,20175752,20224843,0.75,0.6901
12,12,20527024,20575096,0.2432,0.2667
12,13,20975954,21025007,0.9333,0.8348
12,14,21025445,21075330,0.8421,0.775
12,15,21680478,21724360,0.0964,0.0854
12,16,23525358,23575098,0.6585,0.5909
12,17,25675702,25724723,0.5897,0.4722
12,18,28978308,29025218,0.4308,0.4462
12,19,29126817,29174197,0.7377,0.7258
12,20,40675608,40724960,0.7826,0.7955
12,21,40725778,40773282,0.1389,0.141
12,22,44276369,44325061,0.2063,0.7377
12,23,46783653,46825175,0.4348,0.8846
12,24,50226467,50275137,0.7333,0.5926
12,25,58428077,58475065,0.6042,0.54
12,26,58975785,59024664,0.75,0.8434
12,27,59829692,59874367,0.4194,0.4333
12,28,64627059,64675148,0.6857,0.0811
12,29,73825519,73875024,0.8367,0.8113
12,30,74978192,75022978,0.0545,0
12,31,79575549,79624384,0.3673,0.4286
12,32,79625762,79656659,0.2558,0.3023
12,33,80778012,80823743,0.4615,0.8413
12,34,81430043,81475303,0.125,0.1552
12,35,83375430,83425005,0.0971,0.4554
12,36,86725548,86774683,0.3684,0.4211
12,37,87775482,87825236,0.3636,0.375
12,38,88277170,88325218,0.3043,0.2549
12,39,88776646,88821852,0.5789,0.8462
12,40,89878146,89921681,0.1111,0.6538
12,41,90525851,90570104,0.3529,0.34
12,42,91326577,91375208,0.25,0.25
12,43,91380633,91422218,0.2917,0.7534
12,44,91425578,91474741,0.6071,0.6182
12,45,91675729,91724728,0.2097,0.2
12,46,93025823,93074323,0.766,0.72
12,47,93625600,93674736,0.2564,0.2821
12,48,93675800,93725174,0.2333,0.32
12,49,95126798,95173753,0.0698,0.8537
12,50,95182189,95225142,0.0682,0.3721
12,51,98678116,98725205,0.0476,0.1364
12,52,99475690,99524896,0.5283,0.3818
12,53,103826023,103874446,0.4848,0.4375
12,54,104225642,104275080,0.3333,0.2973
12,55,104626891,104675252,0.0606,0.6
12,56,105476128,105524905,0.697,0.6286
12,57,106580623,106623777,0.7045,0.7083
12,58,108925762,108971213,0.4,0.2917
12,59,109325474,109373244,0.1786,0.6897
12,60,113335425,113375036,0.026,0.8904
12,61,118026401,118075236,0.0244,0.5
12,62,121525886,121574089,0.0741,0.3673
12,63,123676763,123724325,0.3571,0.3846
12,64,124186024,124225211,0.8276,0.8
12,65,127125380,127175317,0.1449,0.125
12,66,128430265,128466304,0.6893,0.3883
12,67,129475350,129523328,0.303,0.4098
13,0,19685838,19717294,0.1724,0.1786
13,1,19771016,19820278,0.5517,0.5862
13,2,19820708,19869514,0.6379,0.661
13,3,19921593,19969067,0.4545,0.5455
13,4,20871040,20918843,0.52,0.4375
13,5,23471829,23519916,0.8182,0.8333
13,6,24671302,24720546,0.6506,0.6279
13,7,26671264,26720554,0.6333,0.7879
13,8,29771062,29815787,0.8868,0.1509
13,9,29920635,29968559,0.5684,0.4409
13,10,39675911,39720610,0.7101,0.7206
13,11,42025812,42069470,0.6923,0.2692
13,12,47221012,47270592,0.2154,0.2121
13,13,48521553,48570536,0.2632,0.2759
13,14,48571213,48617747,0.175,0.1842
13,15,55920686,55970389,0.8312,0.8205
13,16,55970733,56017455,0.9121,0.9149
13,17,56123910,56165513,0.9268,0.65
13,18,60170756,60220572,0.1014,0.0588
13,19,61420831,61468207,0.6304,0.7959
13,20,63821106,63868158,0.7347,0.86
13,21,63972811,64018559,0.4,0.9483
13,22,69770887,69820534,0.8594,0.9851
13,23,70571514,70613943,1,1
13,24,71022551,71070199,0.4,0.1967
13,25,78571269,78620257,0.7,0.7069
13,26,78620815,78666318,0.7742,0.8571
13,27,82370713,82419417,0.8154,0.8254
13,28,83677589,83720536,0.8267,0.3846
13,29,83721291,83768820,0.1406,0.918
13,30,86675759,86719330,0.9717,0.0808
13,31,88720825,88769872,0.3879,0.375
13,32,89170627,89220540,0.3684,0.35
13,33,89921037,89969854,0.3103,0.8148
13,34,102071812,102116884,0.8611,0.8734
13,35,105120827,105168841,0.7746,0.6351
13,36,105720856,105768577,0.619,0.5821
13,37,106321751,106370510,0.5429,0.5652
13,38,106821150,106869462,0.1837,0.8936
13,39,107421329,107469601,0.9365,0.6349
14,0,20307337,20351049,0.4615,0.3846
14,1,23165738,23200951,0.8824,0.8571
14,2,24901844,24951328,0.0504,0.0571
14,3,26753525,26797157,0.7143,0.46
14,4,33302882,33346555,0.5645,0.4754
14,5,36551780,36601061,0.8028,0.5753
14,6,36651803,36682321,0.4615,0.4615
14,7,40153281,40188886,0.8462,0.7547
14,8,40951668,41001405,0.6267,0.6282
14,9,41554600,41600728,1,0.95
14,10,41701668,41750742,0.375,1
14,11,46301823,46351146,0.098,0.75
14,12,46351487,46398015,0.0714,0.84
14,13,50051496,50101370,0.6452,0.697
14,14,52651511,52696282,0.4932,0.4667
14,15,53304871,53351246,0.6207,0.3226
14,16,54551504,54600787,0.7358,0.0189
14,17,54803765,54851224,0.3333,0.3191
14,18,58051779,58100655,0.4681,0.4651
14,19,60451580,60500802,0.4103,0.8537
14,20,68753287,68801226,0.375,0.6078
14,21,70751661,70801207,0.88,0.5
14,22,70802540,70851311,0.7609,0.7451
14,23,72451901,72501187,0.0299,0.1429
14,24,74301546,74351109,0.2414,0.7812
14,25,74603813,74651330,0.8,0.8049
14,26,76351840,76400319,0.4318,0.4884
14,27,77201546,77249667,0.5,0.4839
14,28,80301450,80351365,0.5584,0.4342
14,29,81755545,81799798,0.7708,0.7959
14,30,83506117,83551172,1,1
14,31,86702036,86751175,0.5234,0.1207
14,32,87701647,87751187,0.4889,0.4889
14,33,92001472,92051189,0.4667,0.4688
14,34,92051507,92101245,0.3556,0.5
14,35,93251578,93301340,0.875,0.4828
14,36,96002509,96050890,0.6471,0.3623
14,37,96051940,96101092,0.1579,0.5538
14,38,96402039,96451360,0.3284,0.4462
14,39,96452443,96500174,0.2553,0.2708
14,40,98251725,98299811,0.5441,0.75
14,41,98451900,98499656,0.7424,0.7121
14,42,99053053,99095283,0.2667,0.2727
14,43,100802485,100848930,0.359,0.3333
15,0,24201976,24248185,1,0.7097
15,1,27002462,27050542,0.3649,0.4203
15,2,28200654,28246990,0.7297,0.6923
15,3,28556297,28600410,NA,NA
15,4,28604617,28649923,NA,NA
15,5,45003364,45050593,0.3611,0.5
15,6,45504986,45549862,0.1061,0.918
15,7,45550657,45598335,0.5366,0.875
15,8,53166409,53200628,1,1
15,9,53506689,53550460,0.3,0.6761
15,10,53654683,53700368,0.3559,0.7424
15,11,61700658,61747182,0.5319,0.5625
15,12,63351488,63400584,0.6765,0.8056
15,13,75406875,75450557,0.8571,0.7241
15,14,86002672,86049988,1,0.9483
15,15,89050834,89100509,0.5,0.7391
15,16,89501124,89544688,1,1
15,17,97452829,97500494,0.1591,0.8837
16,0,1362038,1410133,0.0615,0.209
16,1,1815946,1860258,0.8684,0.3239
16,2,1860431,1910219,0.8793,0.1481
16,3,1910373,1949918,1,0.08
16,4,2417306,2459934,0.7037,0.7407
16,5,2460393,2506130,0.5778,0.5476
16,6,4761036,4809804,0.625,0.4722
16,7,5710585,5760113,0.3699,0.3514
16,8,6660833,6709919,0.3,0.4255
16,9,7063637,7109009,0.6923,0.6923
16,10,7110454,7154284,0.7765,0.7561
16,11,7161357,7210141,0.623,0.5902
16,12,11561029,11610176,0.459,0.4839
16,13,12710581,12759027,0.6667,0.625
16,14,13810853,13860033,0.4474,0.7432
16,15,16060394,16110253,0.3962,0.4464
16,16,19410417,19459988,0.4444,0.6471
16,17,19460425,19510249,0.36,0.3478
16,18,23510326,23560205,0.3429,0.7632
16,19,25271670,25309768,0.9104,0.1176
16,20,26066489,26109366,0.7826,0.1591
16,21,31660427,31709839,0.5,0.5
16,22,48862675,48906950,0.3273,0.7358
16,23,50111074,50157437,0,0.5556
16,24,55760697,55810144,0.8214,0.8983
16,25,58963145,59009367,0.8769,0.8429
16,26,59768310,59809850,0.7059,0.1935
16,27,59813008,59859266,0.7755,0.3333
16,28,60010542,60057895,0.8214,0.6538
16,29,68460415,68508228,0.5676,0.6579
16,30,68560296,68608511,0.1974,0.24
16,31,68760463,68805641,1,0.381
16,32,73713944,73758463,0.5593,0.6034
16,33,75163626,75210233,0.5789,0.5405
16,34,75210757,75260241,0.5455,0.617
16,35,75410705,75459660,0.807,0.7966
16,36,78513660,78560098,0.4174,0.4054
16,37,79222287,79259386,0.493,0.6056
16,38,79812188,79849756,0.1548,0.1724
16,39,79960459,80010271,0.4935,0.4595
16,40,80011359,80060221,0.597,0.5205
16,41,80062208,80110246,0.7955,0.6
16,42,81210914,81259893,0.3766,0.6667
16,43,82160399,82210252,0.2069,0.3704
16,44,83973636,83994569,0.3871,0.3667
16,45,86511211,86560264,0.4725,0.6463
17,0,700998,744868,1,0.6364
17,1,1209162,1249777,0.9394,0.5
17,2,2153257,2200434,0.7059,0.8857
17,3,10901470,10950173,0.339,0.2727
17,4,12054939,12100800,0.8462,0.7255
17,5,18752778,18800092,0.9643,0.9667
17,6,20901001,20949876,0.7857,0.7778
17,7,21303359,21349662,0.6814,0.6623
17,8,32452385,32486588,0.4407,0.3818
17,9,32700850,32743870,0.6707,0.6867
17,10,36201025,36250067,0.5556,0.5556
17,11,39204975,39250639,0.1364,0.1489
17,12,39351602,39400679,0.6154,0.6
17,13,39950975,39999279,0.7857,0.2963
17,14,51151257,51200636,0.4151,0.3137
17,15,51203486,51248216,0.6111,0.6571
17,16,51851894,51899759,0.9595,0.5147
17,17,58826985,58850531,0.9259,0.9286
17,18,64352055,64400808,0.6222,0.6596
17,19,65702659,65749953,0.8519,0.6786
17,20,67552890,67600824,0.64,0.617
17,21,68053586,68100705,0.5133,0.5091
17,22,68256221,68299201,0.9333,0.9839
17,23,72003498,72049524,0.9231,0.8947
17,24,73351820,73400627,0.525,0.5238
17,25,76353793,76400337,0.1304,0.1429
18,0,1649592,1699470,0.68,0.7021
18,1,3250622,3298243,0.573,0.6265
18,2,12300136,12349445,0.2143,0.25
18,3,13803519,13849364,0.8537,0.8684
18,4,14703451,14748926,1,1
18,5,15049931,15099397,NA,NA
18,6,15099698,15147275,NA,NA
18,7,20052870,20099429,0.7692,0.7805
18,8,25400684,25447072,0.6087,0.4894
18,9,27151042,27199300,0.5532,0.5652
18,10,27199943,27244924,0.4308,0.6515
18,11,27549727,27599452,0.7541,0.6552
18,12,27601193,27648544,0.5952,0.5714
18,13,27749711,27794347,0.1667,0.68
18,14,28801013,28844359,0.2,0.2051
18,15,30399782,30447816,0.9286,0.1228
18,16,35360810,35398327,0.2821,0.9429
18,17,39952334,39999207,0.3878,0.4314
18,18,47399541,47448584,0.8375,0.9091
18,19,50899994,50948831,0.313,0.2867
18,20,51349513,51399162,0.963,0.9423
18,21,51899514,51948250,0.2364,0.4828
18,22,54549562,54591871,0.8125,0.76
18,23,55699955,55732315,0,0.6098
18,24,56099715,56149099,0.6346,0.717
18,25,56454901,56490046,0.3438,0.4706
18,26,58099875,58149393,0.8,0.6038
18,27,61149588,61198558,0.5067,0.5479
18,28,61199950,61249478,0.4118,0.5094
18,29,61701031,61743718,0.8846,0.8269
18,30,63800073,63849154,0.1053,0.1039
18,31,75249812,75299342,0.5135,0.4615
18,32,75400056,75449362,0.5273,0.5524
19,0,2884516,2925159,0.7955,0.7826
19,1,6934679,6975998,0.1607,0.1695
19,2,6976785,7019417,0.7,0.6735
19,3,8879579,8926199,0.875,0.8235
19,4,10727014,10776606,0.5238,0.4615
19,5,12577723,12626154,1,0.9643
19,6,15227030,15276143,0.7,0.7037
19,7,15276919,15326774,0.5312,0.6111
19,8,16127300,16174547,1,0.3793
19,9,16278054,16326211,0.3333,0.3226
19,10,16326891,16376773,0.48,0.2206
19,11,20132119,20175653,0.25,0.9459
19,12,20779970,20808933,0.85,0.8333
19,13,21277939,21324349,0.68,0.4444
19,14,21381179,21426476,0.2778,0.2286
19,15,21834092,21867868,0.3871,0.375
19,16,22092727,22126138,0.3784,0.2941
19,17,23077101,23126236,0.7692,0.7692
19,18,28278154,28326465,0,0
19,19,28726842,28770964,0.8511,0.8511
19,20,28827100,28876001,0.9608,0.9583
19,21,28877143,28924338,0.9595,0.9559
19,22,29226804,29275248,0.8974,0.3333
19,23,29277208,29320135,0.0978,0.1264
19,24,29329638,29376678,0.5444,0.9213
19,25,29376935,29423609,0.5397,0.4878
19,26,33076973,33126219,0.7857,0.5263
19,27,33126778,33169979,0.625,0.6364
19,28,40176836,40226710,0.8235,0.82
19,29,41879134,41926098,0.6905,0.6585
19,30,43676982,43725177,NA,NA
19,31,44576863,44625909,0.4545,0.5952
19,32,44877183,44926600,0.3636,0.4545
19,33,46778284,46826329,0.7778,0.4286
19,34,52928986,52976774,0.8989,0.8452
19,35,53277279,53326148,0.2381,0.7273
19,36,55527081,55576440,0.3333,0.5686
20,0,1268250,1415793,0.3474,0.7653
20,1,2270015,2315581,0.3623,0.3521
20,2,2315929,2365735,0.3607,0.7377
20,3,2615988,2663305,0.9149,0.2407
20,4,3518545,3565546,0.4878,0.3077
20,5,7416669,7465744,0.6579,0.6364
20,6,9016064,9065739,0.2955,0.4432
20,7,9065905,9113330,0.3922,0.3846
20,8,10484342,10515891,0.825,1
20,9,11917734,11965868,0.7727,0.5758
20,10,15116113,15161165,0.9868,0.9873
20,11,17416812,17459143,0.878,0.9318
20,12,20116465,20164336,0.9789,0.9892
20,13,23716237,23763450,0.6471,0.7647
20,14,31265911,31315158,0.6957,0.7826
20,15,35816611,35865792,0.2727,0.2857
20,16,36218269,36265858,0.942,0.6176
20,17,36465932,36514670,0.8983,0.8833
20,18,38277222,38312469,0.7705,0.7969
20,19,42216647,42265700,0.6786,0.4062
20,20,42265966,42315091,0.7895,0.8108
20,21,42428226,42465453,0.325,0.2143
20,22,43968317,44015846,0.425,0.4474
20,23,47166531,47214644,0.3273,0.3276
20,24,47866522,47914458,0.8333,0.8519
20,25,49973203,50011467,0.3922,0.3673
20,26,50665979,50715685,0.8889,0.6053
20,27,51133920,51165642,0.7727,0.75
20,28,51165903,51214712,0.5758,0.5333
20,29,53266697,53315072,0.7541,0.7241
20,30,53415944,53462541,0.3393,0.5818
20,31,53466923,53515863,0.62,0.5098
20,32,59268034,59315127,0.7685,0.7647
21,0,9461484,9510501,NA,NA
21,1,9513188,9560807,NA,NA
21,2,9861409,9911290,NA,NA
21,3,9911419,9960598,NA,NA
21,4,10711577,10761362,NA,NA
21,5,10761762,10811297,NA,NA
21,6,10811607,10861400,NA,NA
21,7,10861775,10910347,NA,NA
21,8,11061650,11111329,NA,NA
21,9,11111427,11159689,NA,NA
21,10,15462352,15510580,1,1
21,11,16011939,16060136,0.7021,0.7292
21,12,16162541,16209554,0.7857,0.7778
21,13,17361487,17410959,0.6232,0.6197
21,14,19962087,20009271,0.5918,0.5745
21,15,20111830,20161366,0.8526,0.8421
21,16,20161812,20211313,0.4143,0.3944
21,17,20211516,20259644,0.2812,0.2059
21,18,20264466,20311357,0.5254,0.4032
21,19,21261473,21310635,0.4286,0.5763
21,20,21813369,21859450,0.7134,0.1243
21,21,22111707,22157527,0.4706,0.4444
21,22,23762800,23808384,0.9231,0.1846
21,23,24563105,24611114,0.4737,0.473
21,24,25367783,25411349,0.3391,0.3445
21,25,25724114,25761030,0.4737,0.475
21,26,25961749,26009788,0.9444,0.5179
21,27,28411654,28456611,0.8571,0.8636
21,28,28564932,28583952,1,1
21,29,28711560,28760659,0.886,0.2368
21,30,29561496,29611043,0.4464,0.5424
21,31,29812081,29861011,0.5714,0.6
21,32,29912288,29960728,0.4211,0.4211
21,33,31613736,31659842,0.1429,0.1857
21,34,31811855,31860574,0.3898,0.3667
21,35,37511627,37559525,0.4524,0.25
21,36,37861488,37910869,0.4808,0.4898
21,37,37911661,37961315,0.3097,0.3084
21,38,40911831,40963668,0.3404,0.7955
21,39,41113121,41160242,0.6458,0.828
21,40,42012872,42058520,0.8444,0.5625
22,0,16854402,16903536,NA,NA
22,1,17022605,17050796,NA,NA
22,2,17055841,17102631,NA,NA
22,3,17207798,17239552,NA,NA
22,4,17304132,17353229,0.5588,0.6111
22,5,17353830,17401834,NA,NA
22,6,17403936,17453588,0.2857,0.8462
22,7,17506199,17553081,0,0.0645
22,8,17554354,17602839,0.2069,0.5862
22,9,17605824,17652406,0.8125,1
22,10,18859888,18903092,NA,NA
22,11,19153717,19198375,0.6552,0.6897
22,12,19953832,20001006,0.7143,0.7353
22,13,20154768,20202714,0.8542,0.75
22,14,20457060,20502771,NA,NA
22,15,21263551,21303042,0.45,0.4737
22,16,22705117,22749151,0.4688,0.413
22,17,22807289,22853351,0.7619,0.7727
22,18,22853706,22902628,0.6667,0.4407
22,19,22905780,22952474,0.6585,0.8158
22,20,23706717,23753349,0.5789,0.5455
22,21,23815760,23853571,0.6667,0.76
22,22,23853685,23899944,0.4583,0.6667
22,23,24261143,24301972,0.3333,1
22,24,24806804,24855182,0.72,0.5
22,25,24855541,24898310,0.7273,0.5833
22,26,25156134,25201746,0.75,0.75
22,27,25653948,25703340,0.7333,0.9167
22,28,25703921,25753231,NA,NA
22,29,25803830,25844021,0.6154,0.6364
22,30,26166900,26198358,0.7556,0.4
22,31,26753731,26801287,0.7708,0.7021
22,32,27054199,27109000,0.4865,0.4737
22,33,27204754,27253560,0.4528,0.4727
22,34,27255935,27293494,0.5128,0.8205
22,35,27317853,27353309,0.9194,0.8033
22,36,27457693,27503582,0.7969,0.7857
22,37,27603908,27653397,0.6154,0.5185
22,38,29553955,29603611,0.6667,0.5667
22,39,31004626,31053641,0.5429,0.5882
22,40,31105694,31151535,0.625,0.6667
22,41,32665756,32703292,1,1
22,42,33155017,33203188,1,0.9688
22,43,33505054,33553183,0.3636,0.4651
22,44,33553729,33597994,0.7241,0.7414
22,45,33904676,33951553,0.3939,0.4706
22,46,34153779,34203496,0.9706,0.7778
22,47,34904319,34953302,0.625,0.9583
22,48,34953804,35002426,0.5833,0.5333
22,49,35003947,35053342,0.6,0.6923
22,50,35053736,35102657,0.5763,0.6508
22,51,35104055,35152596,0.5806,0.5588
22,52,35154528,35203230,1,0.975
22,53,35204223,35253078,0.8387,0.8065
22,54,35306786,35352649,0.3387,0.25
22,55,35555835,35596311,0.1026,0.4615
22,56,35654133,35703551,0.8596,0.8305
22,57,35803720,35853332,0.6809,0.6889
22,58,35955382,36001569,0.5833,0.6286
22,59,36103709,36133397,1,0.8636
22,60,36504679,36552402,0.4545,0.6364
22,61,36554588,36602491,0.8197,0.7667
22,62,36653743,36702892,0.2812,0.3438
22,63,36704550,36748993,0.3333,0.7
22,64,37004171,37050870,0.4444,0.3448
22,65,37105820,37153443,0.6818,0.6522
22,66,37155457,37203297,0.5,0.5714
22,67,37257855,37302092,0.4146,0.6
22,68,37304409,37349269,0.1304,0.1837
22,69,38562056,38603186,0.5333,0.25
22,70,39254437,39302174,0.3056,0.2394
22,71,39705104,39751774,0.75,0.7647
22,72,39753779,39800704,0.5476,0.5116
22,73,40554008,40603580,0.8095,0.7727
22,74,41604353,41652345,0.6304,0.7073
22,75,41654568,41701064,0.3571,0.4286
22,76,41804160,41853117,0.7692,0.1071
22,77,42058846,42101815,0.6923,0.5385
22,78,42104929,42153292,0.7692,0.7692
22,79,43154299,43181803,0.6786,0.3704
22,80,43754723,43800824,0.6087,0.7083
22,81,44107968,44149935,0.9167,1
22,82,44603684,44643624,0.4091,0.44
22,83,45153810,45203533,0.32,0.4167
22,84,45655221,45703444,0.4722,0.5
22,85,45705241,45753133,0.4808,0.6538
22,86,46006657,46049707,0.85,0.8182
22,87,46854398,46903365,0.5897,0.6316
22,88,46904273,46953126,0.6119,0.6129
22,89,46953694,47003535,0.4844,0.5738
22,90,47004148,47049474,0.619,0.525
22,91,47267906,47298985,0.4808,0.4
22,92,47305739,47332082,0.55,0.5349
22,93,47432419,47445957,0.9107,0.963
22,94,47503964,47553250,0.8182,0.7727
22,95,47554141,47595630,0.7317,0.7561
22,96,47621136,47652048,0.72,0.9565
22,97,48204513,48252228,0.6042,0.6087
22,98,48403707,48451922,0.5366,0.525
22,99,48811443,48853277,0.625,0.678
22,100,48855412,48903278,0.8421,0.7778
22,101,48905241,48953501,0.5294,0.6078
22,102,49003874,49053529,0.1111,0.4744
22,103,49054049,49103380,0.5859,0.5636
22,104,49103660,49153192,0.9831,0.9636
22,105,49307031,49353474,0.1228,0.2586
22,106,49404049,49450895,0.5225,0.5405
22,107,49460591,49502569,0.7818,0.5862